datetime,open,high,low,close,volume,openInterest,amount,symbol
2013-03-26 09:00:00,9770,9778,9768,9776,166,48626,16225800.0,OI1309
2013-03-26 09:01:00,9776,9780,9770,9772,176,48684,17205760.0,OI1309
2013-03-26 09:02:00,9772,9780,9772,9776,194,48706,18965440.0,OI1309
2013-03-26 09:03:00,9776,9800,9776,9798,330,48772,32261960.0,OI1309
2013-03-26 09:04:00,9800,9816,9800,9816,400,48876,39130720.0,OI1309
2013-03-26 09:05:00,9810,9812,9798,9798,420,48946,41117600.0,OI1309
2013-03-26 09:06:00,9798,9804,9798,9802,178,48948,17429760.0,OI1309
2013-03-26 09:07:00,9806,9810,9806,9810,214,48986,20956880.0,OI1309
2013-03-26 09:08:00,9808,9810,9808,9810,274,49060,26838840.0,OI1309
2013-03-26 09:09:00,9810,9812,9806,9808,122,49028,11951120.0,OI1309
2013-03-26 09:10:00,9806,9806,9804,9804,144,49038,14106240.0,OI1309
2013-03-26 09:11:00,9802,9806,9802,9806,34,49042,3330640.0,OI1309
2013-03-26 09:12:00,9808,9808,9804,9806,166,49044,16264640.0,OI1309
2013-03-26 09:13:00,9806,9806,9798,9798,348,49106,34097040.0,OI1309
2013-03-26 09:14:00,9796,9798,9796,9796,92,49082,9014160.0,OI1309
2013-03-26 09:15:00,9794,9794,9790,9790,322,49088,31549560.0,OI1309
2013-03-26 09:16:00,9790,9790,9788,9788,14,49078,1371720.0,OI1309
2013-03-26 09:17:00,9788,9790,9788,9788,98,49110,9602040.0,OI1309
2013-03-26 09:18:00,9790,9794,9788,9790,174,49154,17045080.0,OI1309
2013-03-26 09:19:00,9788,9790,9788,9788,20,49162,1959200.0,OI1309
2013-03-26 09:20:00,9788,9788,9788,9788,16,49162,1567360.0,OI1309
2013-03-26 09:21:00,9788,9788,9788,9788,40,49182,3918400.0,OI1309
2013-03-26 09:22:00,9790,9790,9790,9790,2,49184,195920.0,OI1309
2013-03-26 09:23:00,9788,9788,9788,9788,52,49204,5093920.0,OI1309
2013-03-26 09:25:00,9788,9790,9788,9790,8,49204,783680.0,OI1309
2013-03-26 09:26:00,9790,9790,9790,9790,2,49206,195920.0,OI1309
2013-03-26 09:27:00,9788,9788,9786,9786,54,49218,5289840.0,OI1309
2013-03-26 09:28:00,9784,9784,9782,9784,74,49224,7249040.0,OI1309
2013-03-26 09:29:00,9786,9786,9784,9784,24,49224,2351040.0,OI1309
2013-03-26 09:30:00,9784,9784,9784,9784,22,49246,2155120.0,OI1309
2013-03-26 09:31:00,9782,9782,9782,9782,2,49248,195920.0,OI1309
2013-03-26 09:32:00,9784,9784,9782,9782,42,49260,4114320.0,OI1309
2013-03-26 09:33:00,9782,9784,9782,9784,100,49246,9796000.0,OI1309
2013-03-26 09:34:00,9782,9782,9782,9782,4,49246,391840.0,OI1309
2013-03-26 09:35:00,9782,9782,9782,9782,48,49274,4702080.0,OI1309
2013-03-26 09:36:00,9782,9782,9782,9782,34,49288,3330640.0,OI1309
2013-03-26 09:37:00,9780,9782,9780,9782,28,49296,2742880.0,OI1309
2013-03-26 09:38:00,9782,9782,9782,9782,28,49322,2742880.0,OI1309
2013-03-26 09:39:00,9780,9780,9778,9780,100,49332,9795240.0,OI1309
2013-03-26 09:40:00,9782,9782,9778,9780,24,49336,2350560.0,OI1309
2013-03-26 09:41:00,9780,9780,9778,9780,136,49466,13319840.0,OI1309
2013-03-26 09:42:00,9780,9782,9778,9780,36,49470,3525840.0,OI1309
2013-03-26 09:43:00,9780,9780,9780,9780,14,49470,1371160.0,OI1309
2013-03-26 09:44:00,9780,9780,9780,9780,14,49482,1371160.0,OI1309
2013-03-26 09:45:00,9778,9778,9778,9778,40,49484,3917600.0,OI1309
2013-03-26 09:46:00,9780,9780,9780,9780,4,49486,391760.0,OI1309
2013-03-26 09:47:00,9780,9780,9780,9780,4,49490,391760.0,OI1309
2013-03-26 09:48:00,9776,9776,9776,9776,104,49492,10185760.0,OI1309
2013-03-26 09:49:00,9776,9776,9776,9776,40,49488,3917600.0,OI1309
2013-03-26 09:50:00,9776,9778,9776,9778,4,49486,391760.0,OI1309
2013-03-26 09:51:00,9778,9778,9778,9778,16,49498,1567040.0,OI1309
2013-03-26 09:52:00,9776,9778,9776,9776,20,49498,1958800.0,OI1309
2013-03-26 09:53:00,9776,9776,9776,9776,2,49496,195880.0,OI1309
2013-03-26 09:54:00,9776,9776,9776,9776,4,49494,391760.0,OI1309
2013-03-26 09:55:00,9776,9776,9776,9776,14,49488,1371160.0,OI1309
2013-03-26 09:56:00,9774,9774,9772,9772,16,49476,1567040.0,OI1309
2013-03-26 09:57:00,9772,9772,9772,9772,2,49476,195880.0,OI1309
2013-03-26 09:58:00,9770,9772,9770,9770,20,49478,1958800.0,OI1309
2013-03-26 09:59:00,9772,9772,9772,9772,2,49476,195880.0,OI1309
2013-03-26 10:00:00,9770,9770,9770,9770,12,49482,1175280.0,OI1309
2013-03-26 10:02:00,9770,9770,9770,9770,132,49610,12925640.0,OI1309
2013-03-26 10:03:00,9772,9772,9766,9770,58,49608,5679360.0,OI1309
2013-03-26 10:04:00,9770,9772,9770,9772,28,49614,2741760.0,OI1309
2013-03-26 10:05:00,9770,9770,9768,9768,14,49624,1370880.0,OI1309
2013-03-26 10:06:00,9770,9778,9770,9776,24,49628,2350080.0,OI1309
2013-03-26 10:07:00,9778,9778,9778,9778,36,49630,3525120.0,OI1309
2013-03-26 10:08:00,9780,9780,9778,9780,22,49642,2154240.0,OI1309
2013-03-26 10:09:00,9778,9782,9776,9776,108,49700,10575360.0,OI1309
2013-03-26 10:10:00,9778,9778,9770,9770,16,49708,1566720.0,OI1309
2013-03-26 10:11:00,9770,9770,9770,9770,2,49706,195840.0,OI1309
2013-03-26 10:12:00,9770,9770,9770,9770,8,49702,783360.0,OI1309
2013-03-26 10:14:00,9768,9768,9768,9768,2,49702,195840.0,OI1309
2013-03-26 10:30:00,9772,9772,9772,9772,2,49702,195840.0,OI1309
2013-03-26 10:31:00,9772,9772,9772,9772,2,49700,195840.0,OI1309
2013-03-26 10:32:00,9770,9772,9770,9772,6,49698,587520.0,OI1309
2013-03-26 10:33:00,9772,9772,9772,9772,10,49702,979200.0,OI1309
2013-03-26 10:35:00,9770,9770,9768,9768,24,49704,2350080.0,OI1309
2013-03-26 10:36:00,9770,9770,9770,9770,46,49750,4504320.0,OI1309
2013-03-26 10:37:00,9768,9768,9762,9762,126,49824,12335440.0,OI1309
2013-03-26 10:38:00,9764,9766,9764,9766,4,49824,391600.0,OI1309
2013-03-26 10:39:00,9766,9770,9766,9770,16,49832,1566400.0,OI1309
2013-03-26 10:40:00,9766,9766,9766,9766,10,49842,979000.0,OI1309
2013-03-26 10:42:00,9766,9766,9766,9766,4,49846,391600.0,OI1309
2013-03-26 10:43:00,9770,9770,9770,9770,4,49846,391600.0,OI1309
2013-03-26 10:44:00,9770,9770,9764,9764,14,49852,1370600.0,OI1309
2013-03-26 10:46:00,9768,9768,9768,9768,2,49850,195800.0,OI1309
2013-03-26 10:47:00,9770,9770,9770,9770,2,49848,195800.0,OI1309
2013-03-26 10:48:00,9772,9774,9772,9774,4,49850,391600.0,OI1309
2013-03-26 10:50:00,9774,9776,9774,9776,16,49848,1566400.0,OI1309
2013-03-26 10:51:00,9776,9776,9774,9774,12,49848,1174800.0,OI1309
2013-03-26 10:52:00,9772,9772,9772,9772,10,49850,979000.0,OI1309
2013-03-26 10:53:00,9772,9772,9772,9772,2,49852,195800.0,OI1309
2013-03-26 10:54:00,9772,9772,9772,9772,2,49854,195800.0,OI1309
2013-03-26 10:55:00,9774,9774,9772,9772,4,49856,391600.0,OI1309
2013-03-26 10:56:00,9772,9772,9772,9772,2,49856,195800.0,OI1309
2013-03-26 11:00:00,9772,9772,9772,9772,2,49856,195800.0,OI1309
2013-03-26 11:01:00,9774,9774,9774,9774,4,49860,391600.0,OI1309
2013-03-26 11:04:00,9776,9776,9776,9776,2,49860,195800.0,OI1309
2013-03-26 11:05:00,9776,9776,9774,9774,6,49858,587400.0,OI1309
2013-03-26 11:06:00,9772,9772,9772,9772,2,49860,195800.0,OI1309
2013-03-26 11:07:00,9774,9774,9772,9772,18,49878,1762200.0,OI1309
2013-03-26 11:08:00,9776,9776,9776,9776,2,49878,195800.0,OI1309
2013-03-26 11:09:00,9774,9774,9774,9774,4,49878,391600.0,OI1309
2013-03-26 11:10:00,9774,9776,9774,9776,10,49878,979000.0,OI1309
2013-03-26 11:11:00,9776,9776,9774,9774,16,49878,1566400.0,OI1309
2013-03-26 11:12:00,9776,9776,9776,9776,14,49878,1370600.0,OI1309
2013-03-26 11:13:00,9776,9776,9776,9776,18,49890,1762200.0,OI1309
2013-03-26 11:14:00,9774,9774,9774,9774,12,49892,1174800.0,OI1309
2013-03-26 11:15:00,9772,9774,9772,9774,52,49900,5090800.0,OI1309
2013-03-26 11:16:00,9772,9772,9772,9772,10,49910,979000.0,OI1309
2013-03-26 11:18:00,9772,9772,9772,9772,8,49918,783200.0,OI1309
2013-03-26 11:19:00,9774,9774,9774,9774,4,49920,391600.0,OI1309
2013-03-26 11:20:00,9774,9776,9774,9776,26,49936,2545400.0,OI1309
2013-03-26 11:22:00,9776,9776,9776,9776,20,49950,1958000.0,OI1309
2013-03-26 11:23:00,9774,9774,9774,9774,4,49950,391600.0,OI1309
2013-03-26 11:24:00,9778,9778,9774,9774,28,49954,2741200.0,OI1309
2013-03-26 11:25:00,9776,9786,9776,9786,212,50134,20754800.0,OI1309
2013-03-26 11:26:00,9786,9786,9780,9780,426,50514,41705400.0,OI1309
2013-03-26 11:27:00,9780,9788,9776,9776,12,50514,1174800.0,OI1309
2013-03-26 11:28:00,9778,9778,9776,9776,12,50514,1174800.0,OI1309
2013-03-26 11:29:00,9776,9782,9776,9782,12,50522,1174800.0,OI1309
2013-03-26 13:33:00,9782,9788,9782,9788,12,50516,1174800.0,OI1309
2013-03-26 13:34:00,9786,9788,9782,9782,32,50520,3132800.0,OI1309
2013-03-26 13:35:00,9782,9782,9782,9782,2,50522,195800.0,OI1309
2013-03-26 13:36:00,9780,9784,9780,9784,22,50522,2153400.0,OI1309
2013-03-26 13:37:00,9780,9780,9780,9780,10,50522,978800.0,OI1309
2013-03-26 13:38:00,9780,9780,9780,9780,10,50522,978800.0,OI1309
2013-03-26 13:39:00,9788,9788,9780,9780,56,50488,5481280.0,OI1309
2013-03-26 13:40:00,9780,9786,9780,9780,50,50482,4894000.0,OI1309
2013-03-26 13:41:00,9780,9782,9780,9780,24,50506,2349120.0,OI1309
2013-03-26 13:42:00,9780,9784,9780,9784,12,50504,1174560.0,OI1309
2013-03-26 13:43:00,9782,9782,9778,9778,24,50504,2349120.0,OI1309
2013-03-26 13:44:00,9778,9778,9778,9778,82,50464,8026160.0,OI1309
2013-03-26 13:45:00,9776,9776,9776,9776,2,50466,195760.0,OI1309
2013-03-26 13:46:00,9776,9776,9774,9774,16,50464,1566080.0,OI1309
2013-03-26 13:47:00,9774,9776,9774,9776,26,50444,2544880.0,OI1309
2013-03-26 13:48:00,9776,9776,9776,9776,82,50362,8026160.0,OI1309
2013-03-26 13:49:00,9778,9778,9776,9776,10,50362,978800.0,OI1309
2013-03-26 13:51:00,9776,9776,9774,9774,20,50366,1957600.0,OI1309
2013-03-26 13:52:00,9774,9774,9774,9774,8,50370,783040.0,OI1309
2013-03-26 13:53:00,9776,9776,9776,9776,4,50374,391520.0,OI1309
2013-03-26 13:54:00,9776,9776,9774,9776,10,50382,978800.0,OI1309
2013-03-26 13:55:00,9774,9776,9774,9776,14,50392,1370320.0,OI1309
2013-03-26 13:58:00,9776,9776,9774,9774,4,50392,391520.0,OI1309
2013-03-26 13:59:00,9774,9774,9774,9774,6,50390,587280.0,OI1309
2013-03-26 14:00:00,9774,9776,9774,9776,8,50394,783040.0,OI1309
2013-03-26 14:01:00,9774,9774,9774,9774,2,50394,195760.0,OI1309
2013-03-26 14:02:00,9776,9776,9776,9776,4,50396,391520.0,OI1309
2013-03-26 14:03:00,9774,9776,9774,9774,28,50418,2740640.0,OI1309
2013-03-26 14:04:00,9776,9776,9774,9774,8,50424,783040.0,OI1309
2013-03-26 14:06:00,9776,9778,9776,9776,48,50460,4698240.0,OI1309
2013-03-26 14:07:00,9774,9774,9774,9774,12,50468,1174560.0,OI1309
2013-03-26 14:08:00,9774,9774,9774,9774,2,50468,195760.0,OI1309
2013-03-26 14:11:00,9774,9774,9774,9774,26,50490,2544880.0,OI1309
2013-03-26 14:12:00,9774,9774,9774,9774,16,50498,1566080.0,OI1309
2013-03-26 14:13:00,9774,9774,9774,9774,6,50502,587280.0,OI1309
2013-03-26 14:14:00,9774,9774,9774,9774,6,50506,587280.0,OI1309
2013-03-26 14:15:00,9774,9774,9774,9774,12,50508,1174560.0,OI1309
2013-03-26 14:16:00,9774,9774,9772,9772,16,50514,1566080.0,OI1309
2013-03-26 14:17:00,9774,9774,9774,9774,14,50514,1370320.0,OI1309
2013-03-26 14:18:00,9774,9774,9774,9774,20,50514,1957600.0,OI1309
2013-03-26 14:19:00,9776,9782,9776,9782,24,50538,2349120.0,OI1309
2013-03-26 14:20:00,9782,9782,9776,9776,366,50878,35824080.0,OI1309
2013-03-26 14:21:00,9776,9776,9776,9776,10,50882,978800.0,OI1309
2013-03-26 14:22:00,9776,9778,9776,9778,12,50886,1174560.0,OI1309
2013-03-26 14:23:00,9776,9776,9776,9776,10,50886,978800.0,OI1309
2013-03-26 14:24:00,9774,9776,9774,9776,20,50886,1957600.0,OI1309
2013-03-26 14:25:00,9774,9776,9774,9776,14,50884,1370320.0,OI1309
2013-03-26 14:26:00,9776,9776,9776,9776,26,50890,2544880.0,OI1309
2013-03-26 14:27:00,9776,9776,9776,9776,16,50904,1566080.0,OI1309
2013-03-26 14:28:00,9774,9774,9774,9774,10,50902,978800.0,OI1309
2013-03-26 14:29:00,9774,9774,9774,9774,6,50908,587280.0,OI1309
2013-03-26 14:30:00,9774,9774,9774,9774,18,50926,1761840.0,OI1309
2013-03-26 14:31:00,9774,9774,9774,9774,2,50928,195760.0,OI1309
2013-03-26 14:33:00,9774,9774,9774,9774,26,50948,2544880.0,OI1309
2013-03-26 14:34:00,9776,9776,9776,9776,12,50950,1174560.0,OI1309
2013-03-26 14:35:00,9776,9776,9776,9776,36,50982,3523680.0,OI1309
2013-03-26 14:36:00,9774,9774,9774,9774,10,50992,978800.0,OI1309
2013-03-26 14:37:00,9776,9776,9774,9774,20,50992,1957600.0,OI1309
2013-03-26 14:38:00,9774,9774,9774,9774,2,50992,195760.0,OI1309
2013-03-26 14:39:00,9774,9774,9774,9774,2,50992,195760.0,OI1309
2013-03-26 14:40:00,9774,9774,9772,9772,22,50994,2153360.0,OI1309
2013-03-26 14:41:00,9774,9774,9774,9774,142,50994,13897760.0,OI1309
2013-03-26 14:42:00,9774,9774,9774,9774,4,50994,391440.0,OI1309
2013-03-26 14:43:00,9774,9774,9774,9774,2,50994,195720.0,OI1309
2013-03-26 14:44:00,9774,9774,9774,9774,6,50992,587160.0,OI1309
2013-03-26 14:45:00,9774,9774,9772,9772,70,50982,6850200.0,OI1309
2013-03-26 14:46:00,9774,9774,9774,9774,2,50980,195720.0,OI1309
2013-03-26 14:47:00,9774,9776,9774,9776,28,50982,2740080.0,OI1309
2013-03-26 14:48:00,9774,9778,9774,9778,48,50996,4697280.0,OI1309
2013-03-26 14:49:00,9778,9778,9776,9776,4,50998,391440.0,OI1309
2013-03-26 14:50:00,9774,9774,9774,9774,6,51004,587160.0,OI1309
2013-03-26 14:51:00,9774,9778,9774,9778,12,51010,1174320.0,OI1309
2013-03-26 14:52:00,9776,9778,9776,9776,18,51024,1761480.0,OI1309
2013-03-26 14:53:00,9776,9778,9776,9778,12,51032,1174320.0,OI1309
2013-03-26 14:54:00,9778,9778,9778,9778,24,51018,2348640.0,OI1309
2013-03-26 14:55:00,9778,9780,9778,9778,92,51040,9003120.0,OI1309
2013-03-26 14:56:00,9778,9778,9776,9776,12,51044,1174320.0,OI1309
2013-03-26 14:57:00,9778,9778,9774,9776,14,51052,1370040.0,OI1309
2013-03-26 14:58:00,9776,9778,9772,9772,72,51088,7045920.0,OI1309
2013-03-26 14:59:00,9772,9774,9772,9774,26,51068,2544360.0,OI1309
2013-03-27 09:00:00,9798,9810,9786,9786,36,51078,3528120.0,OI1309
2013-03-27 09:01:00,9792,9792,9790,9790,26,51078,2546960.0,OI1309
2013-03-27 09:02:00,9786,9790,9786,9790,14,51082,1371160.0,OI1309
2013-03-27 09:03:00,9788,9788,9786,9786,28,51056,2741960.0,OI1309
2013-03-27 09:04:00,9788,9788,9786,9788,36,51058,3524920.0,OI1309
2013-03-27 09:05:00,9786,9800,9786,9800,40,51060,3916160.0,OI1309
2013-03-27 09:06:00,9800,9810,9796,9796,20,51060,1958400.0,OI1309
2013-03-27 09:07:00,9798,9798,9794,9794,8,51062,783360.0,OI1309
2013-03-27 09:08:00,9794,9798,9794,9798,10,51066,979200.0,OI1309
2013-03-27 09:09:00,9796,9796,9796,9796,2,51068,195840.0,OI1309
2013-03-27 09:10:00,9796,9796,9794,9794,20,51066,1958720.0,OI1309
2013-03-27 09:11:00,9794,9794,9792,9792,92,51066,9010480.0,OI1309
2013-03-27 09:12:00,9796,9798,9792,9798,28,51060,2742320.0,OI1309
2013-03-27 09:13:00,9796,9796,9796,9796,16,51064,1567040.0,OI1309
2013-03-27 09:14:00,9792,9792,9790,9790,10,51058,979400.0,OI1309
2013-03-27 09:15:00,9790,9790,9790,9790,16,51058,1567040.0,OI1309
2013-03-27 09:16:00,9790,9790,9790,9790,14,51058,1371160.0,OI1309
2013-03-27 09:17:00,9792,9792,9792,9792,40,51062,3917600.0,OI1309
2013-03-27 09:18:00,9792,9792,9788,9788,98,51126,9596400.0,OI1309
2013-03-27 09:19:00,9788,9788,9788,9788,2,51126,195840.0,OI1309
2013-03-27 09:20:00,9790,9792,9788,9788,6,51126,587520.0,OI1309
2013-03-27 09:21:00,9790,9790,9790,9790,2,51124,195840.0,OI1309
2013-03-27 09:22:00,9788,9788,9788,9788,70,51124,6854400.0,OI1309
2013-03-27 09:23:00,9788,9790,9788,9790,4,51126,391680.0,OI1309
2013-03-27 09:24:00,9788,9788,9788,9788,4,51126,391680.0,OI1309
2013-03-27 09:25:00,9788,9790,9788,9790,12,51126,1175040.0,OI1309
2013-03-27 09:26:00,9788,9788,9788,9788,2,51126,195840.0,OI1309
2013-03-27 09:27:00,9790,9790,9786,9786,28,51124,2741760.0,OI1309
2013-03-27 09:32:00,9788,9788,9788,9788,2,51124,195840.0,OI1309
2013-03-27 09:33:00,9786,9788,9786,9788,8,51130,783360.0,OI1309
2013-03-27 09:34:00,9786,9786,9786,9786,32,51110,3133440.0,OI1309
2013-03-27 09:35:00,9786,9786,9786,9786,12,51108,1175040.0,OI1309
2013-03-27 09:36:00,9786,9786,9786,9786,6,51102,587520.0,OI1309
2013-03-27 09:40:00,9786,9786,9782,9782,6,51104,587520.0,OI1309
2013-03-27 09:41:00,9782,9782,9780,9780,16,51100,1566720.0,OI1309
2013-03-27 09:42:00,9780,9782,9780,9780,58,51098,5678280.0,OI1309
2013-03-27 09:50:00,9780,9780,9780,9780,4,51098,391600.0,OI1309
2013-03-27 09:51:00,9780,9780,9780,9780,2,51098,195800.0,OI1309
2013-03-27 09:53:00,9780,9780,9780,9780,2,51098,195800.0,OI1309
2013-03-27 09:54:00,9778,9778,9778,9778,10,51092,979000.0,OI1309
2013-03-27 09:56:00,9776,9778,9776,9778,28,51078,2741200.0,OI1309
2013-03-27 09:57:00,9778,9778,9778,9778,2,51078,195800.0,OI1309
2013-03-27 09:58:00,9778,9778,9778,9778,6,51076,587400.0,OI1309
2013-03-27 10:02:00,9778,9778,9778,9778,2,51076,195800.0,OI1309
2013-03-27 10:03:00,9778,9778,9778,9778,4,51074,391600.0,OI1309
2013-03-27 10:04:00,9776,9780,9776,9780,8,51070,783200.0,OI1309
2013-03-27 10:05:00,9780,9780,9780,9780,2,51068,195800.0,OI1309
2013-03-27 10:06:00,9780,9780,9780,9780,10,51062,979000.0,OI1309
2013-03-27 10:14:00,9780,9780,9780,9780,6,51060,587400.0,OI1309
2013-03-27 10:30:00,9780,9780,9780,9780,8,51068,783200.0,OI1309
2013-03-27 10:31:00,9778,9778,9776,9776,12,51078,1174800.0,OI1309
2013-03-27 10:32:00,9776,9776,9776,9776,2,51080,195800.0,OI1309
2013-03-27 10:33:00,9780,9780,9780,9780,2,51080,195800.0,OI1309
2013-03-27 10:39:00,9780,9780,9780,9780,2,51080,195800.0,OI1309
2013-03-27 10:40:00,9776,9776,9776,9776,24,51084,2349200.0,OI1309
2013-03-27 10:42:00,9780,9780,9780,9780,4,51084,391520.0,OI1309
2013-03-27 10:44:00,9776,9776,9776,9776,2,51086,195760.0,OI1309
2013-03-27 10:45:00,9776,9776,9776,9776,10,51096,978800.0,OI1309
2013-03-27 10:48:00,9776,9776,9776,9776,4,51098,391520.0,OI1309
2013-03-27 10:50:00,9776,9776,9776,9776,2,51098,195760.0,OI1309
2013-03-27 10:54:00,9778,9778,9778,9778,2,51098,195760.0,OI1309
2013-03-27 10:58:00,9778,9778,9778,9778,4,51100,391520.0,OI1309
2013-03-27 11:07:00,9778,9778,9778,9778,2,51100,195760.0,OI1309
2013-03-27 11:11:00,9778,9778,9778,9778,10,51100,978800.0,OI1309
2013-03-27 11:12:00,9780,9782,9780,9782,4,51102,391520.0,OI1309
2013-03-27 11:13:00,9782,9782,9782,9782,2,51104,195760.0,OI1309
2013-03-27 11:15:00,9784,9784,9784,9784,2,51104,195760.0,OI1309
2013-03-27 11:16:00,9780,9780,9780,9780,2,51104,195760.0,OI1309
2013-03-27 11:17:00,9778,9782,9778,9782,22,51118,2153360.0,OI1309
2013-03-27 11:18:00,9782,9782,9782,9782,2,51118,195760.0,OI1309
2013-03-27 11:19:00,9784,9784,9784,9784,4,51122,391520.0,OI1309
2013-03-27 11:21:00,9784,9784,9784,9784,4,51122,391520.0,OI1309
2013-03-27 11:22:00,9780,9780,9780,9780,16,51122,1566080.0,OI1309
2013-03-27 11:23:00,9780,9784,9778,9778,16,51126,1566080.0,OI1309
2013-03-27 11:24:00,9778,9778,9778,9778,2,51124,195760.0,OI1309
2013-03-27 11:27:00,9780,9780,9780,9780,2,51124,195760.0,OI1309
2013-03-27 11:29:00,9780,9780,9780,9780,6,51118,587280.0,OI1309
2013-03-27 13:30:00,9780,9784,9780,9784,6,51122,587280.0,OI1309
2013-03-27 13:32:00,9780,9780,9780,9780,4,51118,391520.0,OI1309
2013-03-27 13:35:00,9780,9782,9780,9782,4,51116,391520.0,OI1309
2013-03-27 13:36:00,9780,9780,9780,9780,10,51110,978800.0,OI1309
2013-03-27 13:38:00,9778,9778,9778,9778,2,51110,195760.0,OI1309
2013-03-27 13:40:00,9778,9778,9778,9778,4,51114,391520.0,OI1309
2013-03-27 13:42:00,9778,9778,9778,9778,10,51124,978800.0,OI1309
2013-03-27 13:43:00,9778,9778,9776,9776,26,51112,2544880.0,OI1309
2013-03-27 13:44:00,9778,9778,9778,9778,12,51112,1174560.0,OI1309
2013-03-27 13:47:00,9778,9778,9778,9778,10,51114,978800.0,OI1309
2013-03-27 13:49:00,9780,9780,9780,9780,2,51116,195760.0,OI1309
2013-03-27 13:53:00,9782,9782,9782,9782,2,51116,195760.0,OI1309
2013-03-27 13:54:00,9782,9782,9780,9780,14,51128,1370320.0,OI1309
2013-03-27 13:55:00,9780,9782,9780,9782,6,51130,587200.0,OI1309
2013-03-27 13:58:00,9780,9780,9780,9780,8,51130,782880.0,OI1309
2013-03-27 13:59:00,9780,9780,9780,9780,2,51132,195720.0,OI1309
2013-03-27 14:00:00,9780,9780,9780,9780,2,51132,195720.0,OI1309
2013-03-27 14:04:00,9778,9778,9778,9778,30,51152,2935800.0,OI1309
2013-03-27 14:05:00,9780,9780,9780,9780,20,51172,1957200.0,OI1309
2013-03-27 14:06:00,9782,9782,9782,9782,2,51172,195720.0,OI1309
2013-03-27 14:07:00,9782,9782,9782,9782,2,51174,195720.0,OI1309
2013-03-27 14:08:00,9782,9782,9782,9782,4,51178,391440.0,OI1309
2013-03-27 14:11:00,9780,9780,9780,9780,6,51184,587160.0,OI1309
2013-03-27 14:12:00,9780,9780,9778,9778,10,51186,978600.0,OI1309
2013-03-27 14:13:00,9778,9778,9776,9776,4,51188,391440.0,OI1309
2013-03-27 14:14:00,9778,9778,9776,9776,4,51190,391440.0,OI1309
2013-03-27 14:15:00,9776,9776,9776,9776,10,51198,978600.0,OI1309
2013-03-27 14:16:00,9774,9776,9774,9776,26,51192,2544360.0,OI1309
2013-03-27 14:18:00,9774,9776,9774,9776,4,51194,391440.0,OI1309
2013-03-27 14:19:00,9774,9776,9774,9776,60,51254,5871600.0,OI1309
2013-03-27 14:20:00,9778,9778,9778,9778,40,51264,3914400.0,OI1309
2013-03-27 14:21:00,9778,9778,9776,9776,40,51294,3914400.0,OI1309
2013-03-27 14:22:00,9778,9778,9776,9776,18,51306,1761480.0,OI1309
2013-03-27 14:23:00,9774,9776,9774,9774,30,51332,2935600.0,OI1309
2013-03-27 14:24:00,9774,9774,9772,9772,12,51344,1174080.0,OI1309
2013-03-27 14:25:00,9774,9774,9774,9774,2,51346,195680.0,OI1309
2013-03-27 14:26:00,9774,9774,9774,9774,2,51346,195680.0,OI1309
2013-03-27 14:27:00,9774,9774,9772,9772,82,51376,8022880.0,OI1309
2013-03-27 14:28:00,9772,9772,9770,9772,18,51390,1761120.0,OI1309
2013-03-27 14:29:00,9772,9774,9772,9772,70,51432,6848800.0,OI1309
2013-03-27 14:30:00,9774,9774,9774,9774,2,51432,195680.0,OI1309
2013-03-27 14:31:00,9774,9774,9772,9774,16,51428,1565440.0,OI1309
2013-03-27 14:32:00,9774,9776,9774,9776,10,51426,978400.0,OI1309
2013-03-27 14:33:00,9776,9776,9774,9774,12,51436,1174080.0,OI1309
2013-03-27 14:34:00,9774,9776,9774,9776,8,51438,782720.0,OI1309
2013-03-27 14:35:00,9774,9774,9774,9774,30,51468,2935200.0,OI1309
2013-03-27 14:36:00,9778,9778,9776,9776,28,51462,2739520.0,OI1309
2013-03-27 14:37:00,9780,9782,9776,9776,44,51476,4304960.0,OI1309
2013-03-27 14:38:00,9778,9780,9778,9778,26,51476,2543400.0,OI1309
2013-03-27 14:39:00,9778,9778,9778,9778,14,51476,1369480.0,OI1309
2013-03-27 14:40:00,9778,9778,9778,9778,2,51476,195640.0,OI1309
2013-03-27 14:41:00,9778,9778,9778,9778,52,51470,5086640.0,OI1309
2013-03-27 14:42:00,9778,9778,9778,9778,10,51466,978200.0,OI1309
2013-03-27 14:43:00,9778,9778,9778,9778,20,51468,1956400.0,OI1309
2013-03-27 14:44:00,9778,9778,9778,9778,20,51466,1956400.0,OI1309
2013-03-27 14:45:00,9780,9780,9780,9780,26,51482,2543320.0,OI1309
2013-03-27 14:46:00,9780,9782,9778,9778,26,51502,2543320.0,OI1309
2013-03-27 14:47:00,9780,9782,9776,9782,58,51470,5673560.0,OI1309
2013-03-27 14:48:00,9782,9784,9782,9784,8,51470,782560.0,OI1309
2013-03-27 14:49:00,9780,9780,9780,9780,6,51470,586920.0,OI1309
2013-03-27 14:50:00,9780,9780,9780,9780,62,51470,6064840.0,OI1309
2013-03-27 14:51:00,9780,9780,9780,9780,22,51470,2152040.0,OI1309
2013-03-27 14:52:00,9780,9780,9780,9780,70,51402,6847400.0,OI1309
2013-03-27 14:53:00,9780,9780,9780,9780,6,51396,586920.0,OI1309
2013-03-27 14:54:00,9780,9780,9780,9780,38,51376,3717160.0,OI1309
2013-03-27 14:55:00,9780,9780,9780,9780,4,51376,391280.0,OI1309
2013-03-27 14:56:00,9780,9780,9778,9780,98,51360,9586360.0,OI1309
2013-03-27 14:57:00,9784,9784,9784,9784,14,51350,1369480.0,OI1309
2013-03-27 14:58:00,9784,9784,9780,9782,62,51364,6064840.0,OI1309
2013-03-27 14:59:00,9782,9800,9782,9800,96,51382,9390720.0,OI1309
2013-03-28 09:00:00,9788,9798,9788,9790,56,51390,5484080.0,OI1309
2013-03-28 09:01:00,9788,9790,9786,9786,20,51396,1958600.0,OI1309
2013-03-28 09:02:00,9788,9788,9782,9782,4,51396,391680.0,OI1309
2013-03-28 09:03:00,9780,9780,9780,9780,12,51404,1175000.0,OI1309
2013-03-28 09:04:00,9778,9780,9778,9780,6,51404,587400.0,OI1309
2013-03-28 09:05:00,9780,9780,9780,9780,38,51438,3719440.0,OI1309
2013-03-28 09:06:00,9780,9780,9778,9778,12,51448,1174520.0,OI1309
2013-03-28 09:07:00,9786,9786,9786,9786,12,51448,1174320.0,OI1309
2013-03-28 09:08:00,9778,9778,9778,9778,4,51448,391440.0,OI1309
2013-03-28 09:09:00,9780,9780,9780,9780,8,51454,782880.0,OI1309
2013-03-28 09:10:00,9778,9778,9778,9778,10,51464,978600.0,OI1309
2013-03-28 09:12:00,9780,9782,9780,9782,72,51476,7045520.0,OI1309
2013-03-28 09:13:00,9778,9778,9776,9776,26,51502,2543840.0,OI1309
2013-03-28 09:14:00,9772,9772,9764,9770,38,51520,3717480.0,OI1309
2013-03-28 09:15:00,9766,9770,9766,9768,22,51518,2152040.0,OI1309
2013-03-28 09:16:00,9772,9782,9772,9774,92,51526,8998640.0,OI1309
2013-03-28 09:17:00,9780,9780,9776,9776,54,51580,5281200.0,OI1309
2013-03-28 09:18:00,9774,9774,9774,9774,4,51584,391200.0,OI1309
2013-03-28 09:19:00,9774,9774,9772,9772,52,51586,5085600.0,OI1309
2013-03-28 09:20:00,9766,9774,9766,9766,76,51628,7432120.0,OI1309
2013-03-28 09:21:00,9762,9770,9762,9770,66,51668,6452960.0,OI1309
2013-03-28 09:22:00,9770,9770,9770,9770,14,51668,1368640.0,OI1309
2013-03-28 09:24:00,9772,9772,9772,9772,2,51668,195520.0,OI1309
2013-03-28 09:25:00,9774,9774,9774,9774,40,51654,3910400.0,OI1309
2013-03-28 09:26:00,9776,9776,9774,9774,24,51672,2346240.0,OI1309
2013-03-28 09:27:00,9774,9774,9774,9774,2,51672,195520.0,OI1309
2013-03-28 09:28:00,9774,9774,9772,9772,80,51746,7820800.0,OI1309
2013-03-28 09:29:00,9772,9774,9772,9774,36,51780,3519360.0,OI1309
2013-03-28 09:30:00,9774,9778,9772,9772,28,51806,2737280.0,OI1309
2013-03-28 09:31:00,9778,9778,9772,9772,12,51816,1173120.0,OI1309
2013-03-28 09:32:00,9772,9772,9772,9772,2,51818,195520.0,OI1309
2013-03-28 09:33:00,9772,9772,9772,9772,30,51804,2932800.0,OI1309
2013-03-28 09:34:00,9772,9772,9772,9772,6,51798,586560.0,OI1309
2013-03-28 09:35:00,9770,9770,9770,9770,2,51798,195520.0,OI1309
2013-03-28 09:36:00,9770,9770,9770,9770,20,51818,1955200.0,OI1309
2013-03-28 09:37:00,9770,9770,9770,9770,4,51816,391040.0,OI1309
2013-03-28 09:39:00,9772,9772,9772,9772,4,51812,391040.0,OI1309
2013-03-28 09:42:00,9772,9772,9772,9772,14,51798,1368640.0,OI1309
2013-03-28 09:43:00,9772,9772,9768,9768,4,51796,391040.0,OI1309
2013-03-28 09:45:00,9768,9768,9768,9768,20,51806,1955200.0,OI1309
2013-03-28 09:50:00,9772,9772,9770,9770,4,51806,391040.0,OI1309
2013-03-28 09:51:00,9770,9770,9770,9770,2,51806,195520.0,OI1309
2013-03-28 09:52:00,9770,9770,9770,9770,4,51810,391040.0,OI1309
2013-03-28 09:54:00,9768,9770,9768,9770,38,51810,3714880.0,OI1309
2013-03-28 09:58:00,9772,9772,9772,9772,4,51810,391040.0,OI1309
2013-03-28 09:59:00,9770,9770,9770,9770,8,51808,782080.0,OI1309
2013-03-28 10:00:00,9768,9768,9764,9768,48,51848,4692360.0,OI1309
2013-03-28 10:01:00,9768,9768,9768,9768,14,51856,1368360.0,OI1309
2013-03-28 10:02:00,9770,9770,9766,9766,32,51878,3127680.0,OI1309
2013-03-28 10:03:00,9760,9760,9756,9756,22,51878,2150280.0,OI1309
2013-03-28 10:04:00,9752,9758,9752,9758,8,51874,781920.0,OI1309
2013-03-28 10:05:00,9758,9764,9758,9764,8,51876,781920.0,OI1309
2013-03-28 10:06:00,9768,9768,9760,9760,6,51874,586440.0,OI1309
2013-03-28 10:07:00,9764,9764,9764,9764,10,51874,977400.0,OI1309
2013-03-28 10:08:00,9764,9768,9760,9768,18,51880,1759320.0,OI1309
2013-03-28 10:09:00,9768,9768,9768,9768,10,51888,977400.0,OI1309
2013-03-28 10:10:00,9766,9768,9766,9768,6,51884,586440.0,OI1309
2013-03-28 10:11:00,9762,9762,9762,9762,20,51866,1954800.0,OI1309
2013-03-28 10:12:00,9768,9768,9762,9762,6,51868,586440.0,OI1309
2013-03-28 10:14:00,9768,9768,9768,9768,6,51874,586440.0,OI1309
2013-03-28 10:30:00,9762,9764,9760,9764,12,51882,1172880.0,OI1309
2013-03-28 10:31:00,9760,9760,9760,9760,12,51882,1172880.0,OI1309
2013-03-28 10:32:00,9764,9764,9764,9764,4,51882,390960.0,OI1309
2013-03-28 10:33:00,9760,9760,9760,9760,2,51882,195480.0,OI1309
2013-03-28 10:35:00,9762,9762,9762,9762,12,51886,1172880.0,OI1309
2013-03-28 10:36:00,9762,9762,9762,9762,10,51890,977400.0,OI1309
2013-03-28 10:37:00,9762,9764,9762,9764,4,51894,390960.0,OI1309
2013-03-28 10:38:00,9764,9764,9762,9762,10,51898,977400.0,OI1309
2013-03-28 10:39:00,9764,9768,9764,9768,40,51918,3909120.0,OI1309
2013-03-28 10:40:00,9764,9764,9764,9764,10,51922,977200.0,OI1309
2013-03-28 10:41:00,9768,9768,9764,9764,32,51944,3127040.0,OI1309
2013-03-28 10:43:00,9766,9766,9766,9766,12,51944,1172640.0,OI1309
2013-03-28 10:44:00,9766,9766,9766,9766,2,51944,195440.0,OI1309
2013-03-28 10:45:00,9766,9768,9766,9768,18,51944,1758960.0,OI1309
2013-03-28 10:47:00,9764,9764,9764,9764,4,51944,390880.0,OI1309
2013-03-28 10:48:00,9764,9764,9764,9764,4,51948,390880.0,OI1309
2013-03-28 10:49:00,9764,9764,9764,9764,2,51950,195440.0,OI1309
2013-03-28 10:50:00,9762,9762,9754,9754,46,51994,4495120.0,OI1309
2013-03-28 10:51:00,9754,9754,9750,9750,158,52146,15438200.0,OI1309
2013-03-28 10:52:00,9752,9752,9752,9752,8,52148,781600.0,OI1309
2013-03-28 10:53:00,9752,9752,9742,9744,100,52228,9769440.0,OI1309
2013-03-28 10:54:00,9742,9744,9740,9744,346,52414,33790040.0,OI1309
2013-03-28 10:55:00,9748,9750,9748,9750,34,52384,3319760.0,OI1309
2013-03-28 10:56:00,9750,9750,9744,9744,4,52382,390560.0,OI1309
2013-03-28 10:57:00,9744,9748,9744,9748,32,52406,3124480.0,OI1309
2013-03-28 10:58:00,9750,9750,9744,9748,20,52398,1952800.0,OI1309
2013-03-28 10:59:00,9748,9750,9748,9750,24,52388,2343360.0,OI1309
2013-03-28 11:00:00,9750,9750,9750,9750,4,52388,390560.0,OI1309
2013-03-28 11:03:00,9752,9754,9752,9754,6,52390,585840.0,OI1309
2013-03-28 11:04:00,9756,9756,9754,9754,20,52398,1952800.0,OI1309
2013-03-28 11:05:00,9752,9756,9752,9756,58,52422,5663120.0,OI1309
2013-03-28 11:07:00,9754,9754,9754,9754,2,52424,195280.0,OI1309
2013-03-28 11:08:00,9754,9754,9752,9752,14,52436,1366960.0,OI1309
2013-03-28 11:09:00,9748,9748,9748,9748,6,52434,585840.0,OI1309
2013-03-28 11:10:00,9746,9746,9744,9744,66,52468,6443080.0,OI1309
2013-03-28 11:11:00,9746,9746,9746,9746,20,52450,1952400.0,OI1309
2013-03-28 11:12:00,9746,9746,9746,9746,8,52452,780960.0,OI1309
2013-03-28 11:13:00,9746,9746,9746,9746,8,52458,780960.0,OI1309
2013-03-28 11:14:00,9746,9746,9746,9746,4,52462,390480.0,OI1309
2013-03-28 11:15:00,9746,9746,9746,9746,10,52472,976200.0,OI1309
2013-03-28 11:16:00,9744,9744,9744,9744,2,52470,195240.0,OI1309
2013-03-28 11:17:00,9746,9746,9746,9746,2,52468,195240.0,OI1309
2013-03-28 11:18:00,9748,9750,9748,9750,4,52468,390480.0,OI1309
2013-03-28 11:21:00,9750,9758,9750,9758,56,52438,5466720.0,OI1309
2013-03-28 11:22:00,9758,9758,9758,9758,6,52438,585720.0,OI1309
2013-03-28 11:24:00,9756,9758,9756,9758,14,52442,1366680.0,OI1309
2013-03-28 11:25:00,9754,9754,9754,9754,4,52438,390480.0,OI1309
2013-03-28 11:27:00,9756,9756,9756,9756,2,52438,195240.0,OI1309
2013-03-28 11:28:00,9756,9756,9756,9756,2,52440,195240.0,OI1309
2013-03-28 11:29:00,9756,9758,9756,9758,16,52454,1561920.0,OI1309
2013-03-28 13:30:00,9758,9758,9754,9758,10,52462,976200.0,OI1309
2013-03-28 13:31:00,9756,9756,9754,9754,10,52464,976200.0,OI1309
2013-03-28 13:32:00,9756,9756,9756,9756,4,52468,390480.0,OI1309
2013-03-28 13:33:00,9756,9756,9756,9756,4,52470,390480.0,OI1309
2013-03-28 13:34:00,9754,9754,9754,9754,2,52468,195240.0,OI1309
2013-03-28 13:35:00,9754,9754,9754,9754,2,52470,195240.0,OI1309
2013-03-28 13:36:00,9756,9756,9752,9752,12,52474,1171440.0,OI1309
2013-03-28 13:37:00,9752,9754,9752,9754,6,52474,585720.0,OI1309
2013-03-28 13:38:00,9756,9756,9756,9756,4,52476,390480.0,OI1309
2013-03-28 13:39:00,9752,9756,9752,9756,4,52478,390480.0,OI1309
2013-03-28 13:40:00,9756,9756,9752,9752,8,52482,780960.0,OI1309
2013-03-28 13:41:00,9752,9752,9752,9752,8,52490,780960.0,OI1309
2013-03-28 13:47:00,9752,9756,9752,9756,16,52498,1561920.0,OI1309
2013-03-28 13:49:00,9750,9750,9750,9750,8,52506,780960.0,OI1309
2013-03-28 13:52:00,9750,9750,9750,9750,2,52508,195240.0,OI1309
2013-03-28 13:53:00,9750,9750,9748,9748,12,52506,1171440.0,OI1309
2013-03-28 13:54:00,9750,9750,9750,9750,2,52504,195240.0,OI1309
2013-03-28 13:55:00,9750,9750,9750,9750,20,52516,1952400.0,OI1309
2013-03-28 13:57:00,9746,9750,9746,9750,18,52530,1757160.0,OI1309
2013-03-28 14:01:00,9744,9750,9744,9750,10,52530,976200.0,OI1309
2013-03-28 14:03:00,9750,9756,9750,9750,10,52532,976200.0,OI1309
2013-03-28 14:04:00,9750,9750,9750,9750,20,52552,1952400.0,OI1309
2013-03-28 14:05:00,9750,9750,9750,9750,8,52560,780960.0,OI1309
2013-03-28 14:06:00,9750,9750,9750,9750,2,52562,195240.0,OI1309
2013-03-28 14:07:00,9750,9750,9750,9750,6,52568,585720.0,OI1309
2013-03-28 14:08:00,9748,9748,9748,9748,6,52568,585720.0,OI1309
2013-03-28 14:11:00,9746,9746,9744,9744,6,52568,585720.0,OI1309
2013-03-28 14:12:00,9744,9746,9744,9744,18,52580,1757160.0,OI1309
2013-03-28 14:13:00,9746,9746,9746,9746,20,52600,1952400.0,OI1309
2013-03-28 14:15:00,9748,9750,9748,9750,22,52610,2147200.0,OI1309
2013-03-28 14:16:00,9750,9750,9750,9750,10,52620,976000.0,OI1309
2013-03-28 14:17:00,9748,9754,9748,9754,12,52622,1171200.0,OI1309
2013-03-28 14:18:00,9748,9748,9748,9748,2,52622,195200.0,OI1309
2013-03-28 14:19:00,9746,9746,9746,9746,20,52642,1952000.0,OI1309
2013-03-28 14:20:00,9746,9746,9746,9746,10,52652,976000.0,OI1309
2013-03-28 14:21:00,9742,9744,9742,9744,8,52654,780800.0,OI1309
2013-03-28 14:23:00,9746,9746,9746,9746,2,52654,195200.0,OI1309
2013-03-28 14:24:00,9746,9746,9746,9746,24,52674,2342400.0,OI1309
2013-03-28 14:25:00,9746,9746,9746,9746,36,52696,3513600.0,OI1309
2013-03-28 14:26:00,9746,9746,9744,9744,12,52704,1171200.0,OI1309
2013-03-28 14:27:00,9744,9744,9744,9744,4,52708,390400.0,OI1309
2013-03-28 14:29:00,9744,9744,9744,9744,20,52724,1952000.0,OI1309
2013-03-28 14:31:00,9744,9744,9742,9742,100,52794,9760000.0,OI1309
2013-03-28 14:32:00,9740,9740,9740,9740,202,52874,19711160.0,OI1309
2013-03-28 14:33:00,9742,9742,9742,9742,2,52876,195160.0,OI1309
2013-03-28 14:34:00,9742,9746,9742,9746,14,52878,1366120.0,OI1309
2013-03-28 14:35:00,9744,9746,9742,9744,24,52888,2341920.0,OI1309
2013-03-28 14:36:00,9746,9748,9746,9746,38,52922,3708040.0,OI1309
2013-03-28 14:37:00,9746,9746,9742,9742,28,52940,2732240.0,OI1309
2013-03-28 14:38:00,9742,9742,9742,9742,12,52952,1170960.0,OI1309
2013-03-28 14:39:00,9742,9742,9742,9742,6,52958,585480.0,OI1309
2013-03-28 14:40:00,9742,9746,9742,9742,16,52964,1561280.0,OI1309
2013-03-28 14:41:00,9742,9742,9742,9742,18,52980,1756440.0,OI1309
2013-03-28 14:42:00,9742,9744,9742,9742,14,52992,1366120.0,OI1309
2013-03-28 14:43:00,9742,9746,9742,9744,40,53022,3903200.0,OI1309
2013-03-28 14:44:00,9746,9746,9746,9746,10,53024,975800.0,OI1309
2013-03-28 14:45:00,9746,9746,9746,9746,24,53028,2341920.0,OI1309
2013-03-28 14:46:00,9746,9746,9746,9746,12,53030,1170960.0,OI1309
2013-03-28 14:47:00,9744,9744,9742,9742,36,53062,3512880.0,OI1309
2013-03-28 14:48:00,9742,9742,9740,9742,42,53088,4098360.0,OI1309
2013-03-28 14:49:00,9742,9742,9742,9742,14,53086,1366120.0,OI1309
2013-03-28 14:50:00,9742,9744,9742,9744,16,53096,1561280.0,OI1309
2013-03-28 14:51:00,9744,9744,9744,9744,8,53096,780640.0,OI1309
2013-03-28 14:52:00,9742,9744,9740,9742,16,53110,1561080.0,OI1309
2013-03-28 14:53:00,9740,9742,9740,9740,24,53126,2341440.0,OI1309
2013-03-28 14:54:00,9740,9742,9740,9740,116,53210,11316960.0,OI1309
2013-03-28 14:55:00,9742,9744,9742,9744,18,53214,1756080.0,OI1309
2013-03-28 14:56:00,9744,9744,9742,9742,10,53220,975600.0,OI1309
2013-03-28 14:57:00,9742,9750,9742,9750,56,53208,5463360.0,OI1309
2013-03-28 14:58:00,9748,9750,9748,9750,12,53202,1170720.0,OI1309
2013-03-28 14:59:00,9750,9750,9748,9748,40,53192,3902400.0,OI1309
2013-03-29 09:00:00,9712,9712,9686,9686,478,53128,46381000.0,OI1309
2013-03-29 09:01:00,9686,9696,9686,9696,170,53174,16480880.0,OI1309
2013-03-29 09:02:00,9696,9700,9692,9700,216,53254,20942040.0,OI1309
2013-03-29 09:03:00,9700,9714,9700,9704,70,53246,6787200.0,OI1309
2013-03-29 09:04:00,9708,9708,9704,9708,24,53240,2327040.0,OI1309
2013-03-29 09:05:00,9708,9710,9706,9710,88,53248,8533480.0,OI1309
2013-03-29 09:06:00,9704,9708,9704,9706,18,53254,1745640.0,OI1309
2013-03-29 09:07:00,9708,9710,9708,9710,36,53276,3491280.0,OI1309
2013-03-29 09:08:00,9708,9708,9708,9708,32,53284,3103360.0,OI1309
2013-03-29 09:09:00,9708,9710,9706,9706,98,53284,9505600.0,OI1309
2013-03-29 09:10:00,9706,9710,9706,9710,18,53300,1746000.0,OI1309
2013-03-29 09:11:00,9710,9710,9708,9710,88,53292,8536000.0,OI1309
2013-03-29 09:12:00,9712,9716,9712,9716,32,53284,3104000.0,OI1309
2013-03-29 09:13:00,9714,9716,9712,9716,14,53282,1358000.0,OI1309
2013-03-29 09:14:00,9716,9728,9716,9728,80,53282,7761560.0,OI1309
2013-03-29 09:15:00,9730,9730,9722,9722,106,53244,10284800.0,OI1309
2013-03-29 09:16:00,9722,9726,9722,9722,14,53244,1358560.0,OI1309
2013-03-29 09:17:00,9726,9726,9726,9726,4,53242,388160.0,OI1309
2013-03-29 09:18:00,9724,9724,9724,9724,12,53240,1164480.0,OI1309
2013-03-29 09:19:00,9724,9726,9720,9722,22,53238,2134880.0,OI1309
2013-03-29 09:20:00,9720,9720,9716,9716,34,53232,3299360.0,OI1309
2013-03-29 09:21:00,9716,9720,9716,9716,50,53196,4852000.0,OI1309
2013-03-29 09:22:00,9722,9722,9716,9716,26,53176,2523360.0,OI1309
2013-03-29 09:23:00,9714,9720,9710,9710,58,53152,5629480.0,OI1309
2013-03-29 09:24:00,9710,9710,9710,9710,2,53150,194120.0,OI1309
2013-03-29 09:25:00,9716,9716,9712,9712,4,53152,388240.0,OI1309
2013-03-29 09:26:00,9718,9720,9712,9720,20,53148,1941200.0,OI1309
2013-03-29 09:27:00,9722,9724,9722,9724,8,53144,776480.0,OI1309
2013-03-29 09:28:00,9722,9722,9722,9722,4,53146,388240.0,OI1309
2013-03-29 09:29:00,9718,9718,9718,9718,6,53144,582360.0,OI1309
2013-03-29 09:30:00,9718,9718,9710,9710,18,53140,1747080.0,OI1309
2013-03-29 09:31:00,9718,9718,9712,9712,10,53140,970600.0,OI1309
2013-03-29 09:34:00,9712,9712,9712,9712,2,53142,194120.0,OI1309
2013-03-29 09:35:00,9712,9712,9712,9712,2,53144,194120.0,OI1309
2013-03-29 09:37:00,9718,9718,9718,9718,4,53144,388240.0,OI1309
2013-03-29 09:38:00,9716,9716,9714,9714,6,53148,582360.0,OI1309
2013-03-29 09:39:00,9714,9716,9714,9716,4,53146,388240.0,OI1309
2013-03-29 09:40:00,9714,9716,9714,9716,4,53148,388240.0,OI1309
2013-03-29 09:41:00,9716,9716,9714,9714,6,53154,582360.0,OI1309
2013-03-29 09:42:00,9716,9716,9716,9716,12,53162,1164720.0,OI1309
2013-03-29 09:43:00,9716,9716,9716,9716,6,53168,582360.0,OI1309
2013-03-29 09:44:00,9716,9716,9712,9712,12,53176,1164720.0,OI1309
2013-03-29 09:45:00,9712,9712,9710,9712,20,53188,1941200.0,OI1309
2013-03-29 09:46:00,9712,9712,9710,9710,16,53198,1552960.0,OI1309
2013-03-29 09:47:00,9710,9716,9710,9716,114,53140,11064840.0,OI1309
2013-03-29 09:48:00,9716,9716,9716,9716,6,53144,582360.0,OI1309
2013-03-29 09:52:00,9722,9722,9722,9722,4,53146,388240.0,OI1309
2013-03-29 09:53:00,9714,9718,9714,9716,10,53144,970600.0,OI1309
2013-03-29 09:54:00,9720,9722,9720,9722,10,53152,970600.0,OI1309
2013-03-29 09:55:00,9726,9730,9726,9730,14,53152,1358840.0,OI1309
2013-03-29 09:56:00,9728,9728,9728,9728,4,53154,388240.0,OI1309
2013-03-29 09:57:00,9724,9724,9722,9722,20,53148,1941200.0,OI1309
2013-03-29 09:58:00,9724,9724,9724,9724,42,53142,4077320.0,OI1309
2013-03-29 09:59:00,9724,9724,9724,9724,2,53144,194160.0,OI1309
2013-03-29 10:00:00,9728,9728,9724,9728,14,53148,1359120.0,OI1309
2013-03-29 10:01:00,9726,9726,9726,9726,8,53140,776640.0,OI1309
2013-03-29 10:02:00,9726,9728,9726,9728,44,53134,4271520.0,OI1309
2013-03-29 10:03:00,9728,9730,9728,9730,36,53134,3494880.0,OI1309
2013-03-29 10:04:00,9734,9738,9734,9738,22,53122,2135760.0,OI1309
2013-03-29 10:05:00,9736,9738,9730,9730,64,53082,6214000.0,OI1309
2013-03-29 10:06:00,9730,9730,9730,9730,2,53082,194200.0,OI1309
2013-03-29 10:07:00,9734,9734,9734,9734,12,53074,1165200.0,OI1309
2013-03-29 10:09:00,9736,9738,9736,9736,66,53012,6408600.0,OI1309
2013-03-29 10:12:00,9730,9730,9730,9730,4,53012,388400.0,OI1309
2013-03-29 10:14:00,9736,9736,9736,9736,8,53012,776800.0,OI1309
2013-03-29 10:30:00,9730,9730,9730,9730,2,53012,194200.0,OI1309
2013-03-29 10:31:00,9730,9734,9730,9732,10,53020,971000.0,OI1309
2013-03-29 10:33:00,9730,9730,9730,9730,26,53046,2524600.0,OI1309
2013-03-29 10:34:00,9730,9730,9728,9728,10,53056,971000.0,OI1309
2013-03-29 10:36:00,9734,9734,9734,9734,2,53056,194200.0,OI1309
2013-03-29 10:37:00,9732,9732,9730,9730,16,53060,1553600.0,OI1309
2013-03-29 10:38:00,9730,9738,9730,9738,22,53078,2136320.0,OI1309
2013-03-29 10:39:00,9736,9736,9730,9734,12,53086,1165440.0,OI1309
2013-03-29 10:40:00,9734,9736,9734,9734,18,53100,1748160.0,OI1309
2013-03-29 10:41:00,9734,9736,9732,9734,12,53108,1165440.0,OI1309
2013-03-29 10:42:00,9736,9736,9734,9736,12,53112,1165440.0,OI1309
2013-03-29 10:43:00,9736,9738,9736,9738,32,53128,3107840.0,OI1309
2013-03-29 10:44:00,9738,9738,9736,9738,18,53134,1748160.0,OI1309
2013-03-29 10:45:00,9738,9738,9736,9738,22,53146,2136640.0,OI1309
2013-03-29 10:46:00,9738,9738,9738,9738,4,53150,388480.0,OI1309
2013-03-29 10:47:00,9738,9738,9738,9738,2,53150,194240.0,OI1309
2013-03-29 10:48:00,9736,9736,9736,9736,4,53154,388480.0,OI1309
2013-03-29 10:49:00,9736,9738,9736,9738,8,53148,776960.0,OI1309
2013-03-29 10:50:00,9738,9738,9736,9736,48,53132,4661760.0,OI1309
2013-03-29 10:51:00,9736,9736,9736,9736,4,53136,388480.0,OI1309
2013-03-29 10:52:00,9736,9736,9736,9736,16,53146,1554120.0,OI1309
2013-03-29 10:53:00,9736,9736,9736,9736,10,53148,971400.0,OI1309
2013-03-29 10:54:00,9734,9736,9734,9736,24,53146,2331360.0,OI1309
2013-03-29 10:55:00,9738,9738,9736,9736,40,53180,3885600.0,OI1309
2013-03-29 10:56:00,9736,9736,9734,9734,4,53182,388560.0,OI1309
2013-03-29 10:57:00,9736,9736,9736,9736,2,53184,194280.0,OI1309
2013-03-29 10:58:00,9732,9732,9730,9732,22,53188,2137080.0,OI1309
2013-03-29 10:59:00,9732,9732,9730,9730,12,53198,1165680.0,OI1309
2013-03-29 11:00:00,9730,9730,9730,9730,28,53206,2719920.0,OI1309
2013-03-29 11:01:00,9732,9734,9730,9730,8,53212,777120.0,OI1309
2013-03-29 11:02:00,9730,9730,9730,9730,2,53214,194280.0,OI1309
2013-03-29 11:03:00,9730,9732,9730,9730,18,53220,1748520.0,OI1309
2013-03-29 11:04:00,9730,9730,9730,9730,10,53230,971400.0,OI1309
2013-03-29 11:06:00,9734,9734,9734,9734,2,53230,194280.0,OI1309
2013-03-29 11:07:00,9734,9734,9732,9732,8,53230,777120.0,OI1309
2013-03-29 11:08:00,9730,9732,9730,9730,34,53248,3302760.0,OI1309
2013-03-29 11:09:00,9730,9732,9730,9730,8,53248,777120.0,OI1309
2013-03-29 11:10:00,9732,9732,9730,9730,34,53248,3302760.0,OI1309
2013-03-29 11:11:00,9732,9732,9732,9732,4,53248,388560.0,OI1309
2013-03-29 11:15:00,9732,9732,9732,9732,2,53250,194280.0,OI1309
2013-03-29 11:16:00,9732,9732,9732,9732,6,53256,582840.0,OI1309
2013-03-29 11:17:00,9732,9732,9732,9732,2,53258,194280.0,OI1309
2013-03-29 11:18:00,9732,9732,9732,9732,8,53266,777120.0,OI1309
2013-03-29 11:19:00,9732,9732,9732,9732,26,53268,2526120.0,OI1309
2013-03-29 11:21:00,9724,9730,9714,9714,94,53316,9133040.0,OI1309
2013-03-29 11:22:00,9720,9720,9720,9720,8,53318,777280.0,OI1309
2013-03-29 11:23:00,9718,9722,9700,9700,408,53620,39637280.0,OI1309
2013-03-29 11:24:00,9700,9710,9700,9706,626,53952,60805120.0,OI1309
2013-03-29 11:25:00,9708,9710,9700,9700,172,54076,16704640.0,OI1309
2013-03-29 11:26:00,9698,9700,9698,9700,68,54122,6604160.0,OI1309
2013-03-29 11:27:00,9700,9700,9698,9700,54,54164,5244480.0,OI1309
2013-03-29 11:28:00,9700,9708,9700,9708,174,54168,16898880.0,OI1309
2013-03-29 11:29:00,9708,9708,9704,9704,20,54186,1942400.0,OI1309
2013-03-29 13:30:00,9704,9704,9700,9700,12,54184,1165440.0,OI1309
2013-03-29 13:31:00,9702,9702,9700,9700,58,54132,5632960.0,OI1309
2013-03-29 13:34:00,9704,9704,9704,9704,2,54132,194240.0,OI1309
2013-03-29 13:35:00,9704,9704,9704,9704,4,54132,388480.0,OI1309
2013-03-29 13:36:00,9704,9704,9704,9704,8,54130,776960.0,OI1309
2013-03-29 13:37:00,9706,9708,9704,9704,18,54120,1748160.0,OI1309
2013-03-29 13:38:00,9708,9708,9704,9704,8,54116,776960.0,OI1309
2013-03-29 13:39:00,9704,9708,9704,9708,24,54118,2330880.0,OI1309
2013-03-29 13:40:00,9704,9704,9704,9704,2,54116,194240.0,OI1309
2013-03-29 13:41:00,9704,9704,9702,9702,6,54118,582720.0,OI1309
2013-03-29 13:42:00,9704,9706,9704,9704,6,54120,582720.0,OI1309
2013-03-29 13:43:00,9702,9706,9702,9706,12,54124,1165440.0,OI1309
2013-03-29 13:44:00,9704,9706,9704,9706,8,54124,776960.0,OI1309
2013-03-29 13:45:00,9708,9708,9708,9708,22,54126,2136640.0,OI1309
2013-03-29 13:46:00,9710,9714,9708,9714,22,54126,2136640.0,OI1309
2013-03-29 13:47:00,9714,9714,9710,9710,4,54124,388480.0,OI1309
2013-03-29 13:48:00,9710,9712,9710,9712,4,54120,388480.0,OI1309
2013-03-29 13:49:00,9714,9716,9714,9716,16,54122,1553920.0,OI1309
2013-03-29 13:50:00,9714,9716,9714,9716,6,54120,582720.0,OI1309
2013-03-29 13:51:00,9716,9716,9716,9716,2,54120,194240.0,OI1309
2013-03-29 13:52:00,9716,9716,9716,9716,2,54122,194240.0,OI1309
2013-03-29 13:54:00,9716,9716,9716,9716,10,54126,971200.0,OI1309
2013-03-29 13:55:00,9714,9714,9714,9714,6,54130,582720.0,OI1309
2013-03-29 13:56:00,9712,9712,9712,9712,6,54132,582720.0,OI1309
2013-03-29 13:57:00,9714,9714,9714,9714,6,54132,582720.0,OI1309
2013-03-29 14:01:00,9714,9714,9714,9714,2,54132,194240.0,OI1309
2013-03-29 14:02:00,9716,9718,9716,9718,6,54132,582720.0,OI1309
2013-03-29 14:03:00,9720,9722,9720,9722,12,54132,1165440.0,OI1309
2013-03-29 14:04:00,9724,9728,9724,9728,38,54150,3690560.0,OI1309
2013-03-29 14:05:00,9728,9730,9728,9728,22,54158,2136640.0,OI1309
2013-03-29 14:06:00,9728,9728,9724,9728,44,54162,4273280.0,OI1309
2013-03-29 14:08:00,9728,9728,9728,9728,2,54160,194240.0,OI1309
2013-03-29 14:09:00,9724,9724,9724,9724,14,54158,1359680.0,OI1309
2013-03-29 14:10:00,9724,9724,9724,9724,2,54156,194240.0,OI1309
2013-03-29 14:11:00,9722,9722,9722,9722,2,54158,194240.0,OI1309
2013-03-29 14:12:00,9724,9724,9722,9722,22,54172,2136640.0,OI1309
2013-03-29 14:13:00,9720,9720,9718,9718,8,54168,776960.0,OI1309
2013-03-29 14:14:00,9718,9718,9718,9718,2,54168,194240.0,OI1309
2013-03-29 14:15:00,9716,9716,9716,9716,8,54176,776960.0,OI1309
2013-03-29 14:16:00,9720,9720,9720,9720,4,54176,388480.0,OI1309
2013-03-29 14:17:00,9718,9718,9716,9718,16,54168,1553920.0,OI1309
2013-03-29 14:18:00,9718,9718,9718,9718,10,54168,971200.0,OI1309
2013-03-29 14:19:00,9716,9716,9716,9716,20,54168,1942400.0,OI1309
2013-03-29 14:20:00,9716,9716,9716,9716,2,54168,194240.0,OI1309
2013-03-29 14:21:00,9714,9714,9714,9714,6,54166,582720.0,OI1309
2013-03-29 14:23:00,9710,9712,9710,9712,6,54168,582720.0,OI1309
2013-03-29 14:24:00,9712,9714,9712,9712,42,54160,4079040.0,OI1309
2013-03-29 14:25:00,9712,9712,9712,9712,38,54160,3690560.0,OI1309
2013-03-29 14:28:00,9714,9714,9714,9714,14,54160,1359680.0,OI1309
2013-03-29 14:29:00,9714,9714,9714,9714,8,54154,776960.0,OI1309
2013-03-29 14:30:00,9712,9724,9712,9714,62,54102,6021440.0,OI1309
2013-03-29 14:31:00,9724,9724,9724,9724,56,54046,5438720.0,OI1309
2013-03-29 14:32:00,9718,9718,9718,9718,2,54044,194240.0,OI1309
2013-03-29 14:33:00,9718,9718,9718,9718,2,54042,194240.0,OI1309
2013-03-29 14:34:00,9714,9714,9714,9714,2,54044,194240.0,OI1309
2013-03-29 14:35:00,9716,9716,9716,9716,26,54018,2525120.0,OI1309
2013-03-29 14:36:00,9716,9722,9716,9722,32,54010,3107840.0,OI1309
2013-03-29 14:37:00,9716,9716,9716,9716,20,54002,1942400.0,OI1309
2013-03-29 14:39:00,9716,9716,9716,9716,14,54000,1359680.0,OI1309
2013-03-29 14:40:00,9714,9716,9714,9716,32,54004,3107840.0,OI1309
2013-03-29 14:41:00,9718,9718,9718,9718,30,54006,2913600.0,OI1309
2013-03-29 14:42:00,9718,9718,9714,9716,94,54096,9129280.0,OI1309
2013-03-29 14:43:00,9714,9714,9714,9714,2,54098,194240.0,OI1309
2013-03-29 14:44:00,9714,9714,9714,9714,6,54100,582720.0,OI1309
2013-03-29 14:45:00,9714,9720,9714,9716,26,54118,2525120.0,OI1309
2013-03-29 14:46:00,9714,9714,9714,9714,2,54118,194240.0,OI1309
2013-03-29 14:47:00,9716,9716,9714,9714,28,54126,2719360.0,OI1309
2013-03-29 14:48:00,9714,9714,9714,9714,14,54124,1359680.0,OI1309
2013-03-29 14:49:00,9712,9716,9712,9716,16,54134,1553920.0,OI1309
2013-03-29 14:50:00,9716,9718,9714,9718,44,54152,4273280.0,OI1309
2013-03-29 14:51:00,9722,9722,9720,9720,12,54142,1165440.0,OI1309
2013-03-29 14:52:00,9722,9722,9718,9718,22,54140,2136640.0,OI1309
2013-03-29 14:53:00,9728,9728,9724,9724,74,54080,7186880.0,OI1309
2013-03-29 14:54:00,9724,9724,9722,9724,52,54062,5050240.0,OI1309
2013-03-29 14:55:00,9722,9722,9714,9716,94,54026,9129280.0,OI1309
2013-03-29 14:56:00,9716,9718,9714,9718,24,54022,2330880.0,OI1309
2013-03-29 14:57:00,9718,9720,9718,9720,18,54020,1748160.0,OI1309
2013-03-29 14:58:00,9720,9720,9720,9720,24,54008,2330880.0,OI1309
2013-03-29 14:59:00,9718,9724,9718,9718,58,53998,5632960.0,OI1309
